LR Baseline (Test),MLP (Val),DistilBERT (Test)
0.9093421052631578,0.9148,0.9217105263157894
